{"valid/auroc_hist": {"_type": "histogram", "values": [1, 1, 0, 0, 0, 0, 0, 0, 0, 0, 0, 1, 1, 1, 0, 1, 0, 0, 0, 1, 3, 1, 1, 1, 0, 2, 4, 4, 3, 2, 9, 4, 5, 4, 7, 9, 7, 10, 13, 7, 10, 15, 14, 22, 25, 39, 25, 35, 27, 21, 29, 20, 29, 12, 10, 4, 11, 4, 7, 4, 5, 6, 3, 2, 2, 1, 3, 0, 1, 2, 0, 0, 0, 1, 1, 0, 1, 0, 0, 1, 0, 0, 0, 1, 0, 0, 0, 1, 0, 0, 0, 0, 0, 0, 0, 0, 0, 0, 0, 1], "bins": [0.1062382161617279, 0.11443718522787094, 0.12263616174459457, 0.1308351308107376, 0.13903410732746124, 0.14723308384418488, 0.15543204545974731, 0.16363102197647095, 0.17182999849319458, 0.1800289750099182, 0.18822793662548065, 0.19642691314220428, 0.20462588965892792, 0.21282486617565155, 0.221023827791214, 0.22922280430793762, 0.23742178082466125, 0.2456207573413849, 0.2538197338581085, 0.26201871037483215, 0.2702176570892334, 0.27841663360595703, 0.28661561012268066, 0.2948145866394043, 0.30301356315612793, 0.31121253967285156, 0.3194115161895752, 0.32761046290397644, 0.3358094394207001, 0.3440084159374237, 0.35220739245414734, 0.36040636897087097, 0.3686053454875946, 0.37680432200431824, 0.38500329852104187, 0.3932022452354431, 0.40140122175216675, 0.4096001982688904, 0.417799174785614, 0.42599815130233765, 0.4341971278190613, 0.4423961043357849, 0.45059508085250854, 0.4587940275669098, 0.4669930040836334, 0.47519198060035706, 0.4833909571170807, 0.4915899336338043, 0.49978891015052795, 0.5079878568649292, 0.5161868333816528, 0.5243858098983765, 0.5325847864151001, 0.5407837629318237, 0.5489827394485474, 0.557181715965271, 0.5653806924819946, 0.5735796689987183, 0.5817786455154419, 0.5899776220321655, 0.5981765985488892, 0.6063755750656128, 0.6145744919776917, 0.6227734684944153, 0.6309724450111389, 0.6391714215278625, 0.6473703980445862, 0.6555693745613098, 0.6637683510780334, 0.6719673275947571, 0.6801663041114807, 0.6883652806282043, 0.696564257144928, 0.7047632336616516, 0.7129622101783752, 0.7211611866950989, 0.7293601632118225, 0.7375590801239014, 0.745758056640625, 0.7539570331573486, 0.7621560096740723, 0.7703549861907959, 0.7785539627075195, 0.7867529392242432, 0.7949519157409668, 0.8031508922576904, 0.8113498687744141, 0.8195488452911377, 0.8277478218078613, 0.835946798324585, 0.8441457748413086, 0.8523447513580322, 0.8605437278747559, 0.8687426447868347, 0.8769416213035583, 0.885140597820282, 0.8933395743370056, 0.9015385508537292, 0.9097375273704529, 0.9179365038871765, 0.9261354804039001]}, "_runtime": 438, "_timestamp": 1653375262, "_step": 1, "train/CoxPH": 4.497319221496582, "train/CoxPH_scaled": 4.497319221496582, "train/loss": 4.497319221496582, "epoch": 0, "trainer/global_step": 49}